"filename", "language", "pip requirements", "Python", "Shell Script", "JavaScript", "XML", "PostCSS", "Markdown", "HTML", "Ignore", "Docker", "comment", "blank", "total"
"/home/boba2323/crumpet/fts-full/ftscore/.dockerignore", "Ignore", 0, 0, 0, 0, 0, 0, 0, 0, 4, 0, 1, 0, 5
"/home/boba2323/crumpet/fts-full/ftscore/Dockerfile", "Docker", 0, 0, 0, 0, 0, 0, 0, 0, 0, 39, 22, 24, 85
"/home/boba2323/crumpet/fts-full/ftscore/accounts/__init__.py", "Python", 0, 0, 0, 0, 0, 0, 0, 0, 0, 0, 0, 1, 1
"/home/boba2323/crumpet/fts-full/ftscore/accounts/admin.py", "Python", 0, 55, 0, 0, 0, 0, 0, 0, 0, 0, 19, 16, 90
"/home/boba2323/crumpet/fts-full/ftscore/accounts/apps.py", "Python", 0, 4, 0, 0, 0, 0, 0, 0, 0, 0, 0, 3, 7
"/home/boba2323/crumpet/fts-full/ftscore/accounts/authenticate.py", "Python", 0, 39, 0, 0, 0, 0, 0, 0, 0, 0, 39, 15, 93
"/home/boba2323/crumpet/fts-full/ftscore/accounts/migrations/0001_initial.py", "Python", 0, 27, 0, 0, 0, 0, 0, 0, 0, 0, 1, 7, 35
"/home/boba2323/crumpet/fts-full/ftscore/accounts/migrations/0002_profile.py", "Python", 0, 19, 0, 0, 0, 0, 0, 0, 0, 0, 1, 6, 26
"/home/boba2323/crumpet/fts-full/ftscore/accounts/migrations/0003_myuser_is_supervisor.py", "Python", 0, 12, 0, 0, 0, 0, 0, 0, 0, 0, 1, 6, 19
"/home/boba2323/crumpet/fts-full/ftscore/accounts/migrations/__init__.py", "Python", 0, 0, 0, 0, 0, 0, 0, 0, 0, 0, 0, 1, 1
"/home/boba2323/crumpet/fts-full/ftscore/accounts/models.py", "Python", 0, 137, 0, 0, 0, 0, 0, 0, 0, 0, 20, 34, 191
"/home/boba2323/crumpet/fts-full/ftscore/accounts/serialiser.py", "Python", 0, 165, 0, 0, 0, 0, 0, 0, 0, 0, 12, 36, 213
"/home/boba2323/crumpet/fts-full/ftscore/accounts/services/__init__.py", "Python", 0, 2, 0, 0, 0, 0, 0, 0, 0, 0, 1, 1, 4
"/home/boba2323/crumpet/fts-full/ftscore/accounts/services/services_user.py", "Python", 0, 71, 0, 0, 0, 0, 0, 0, 0, 0, 0, 13, 84
"/home/boba2323/crumpet/fts-full/ftscore/accounts/templates/accounts/index.html", "HTML", 0, 0, 0, 0, 0, 0, 0, 1, 0, 0, 0, 0, 1
"/home/boba2323/crumpet/fts-full/ftscore/accounts/tests.py", "Python", 0, 16, 0, 0, 0, 0, 0, 0, 0, 0, 4, 8, 28
"/home/boba2323/crumpet/fts-full/ftscore/accounts/tokenrefeshtest.py", "Python", 0, 28, 0, 0, 0, 0, 0, 0, 0, 0, 18, 12, 58
"/home/boba2323/crumpet/fts-full/ftscore/accounts/urls.py", "Python", 0, 14, 0, 0, 0, 0, 0, 0, 0, 0, 0, 3, 17
"/home/boba2323/crumpet/fts-full/ftscore/accounts/views.py", "Python", 0, 114, 0, 0, 0, 0, 0, 0, 0, 0, 49, 27, 190
"/home/boba2323/crumpet/fts-full/ftscore/boto_test.py", "Python", 0, 18, 0, 0, 0, 0, 0, 0, 0, 0, 10, 5, 33
"/home/boba2323/crumpet/fts-full/ftscore/crumpet_celery/__init__.py", "Python", 0, 2, 0, 0, 0, 0, 0, 0, 0, 0, 0, 1, 3
"/home/boba2323/crumpet/fts-full/ftscore/crumpet_celery/celery.py", "Python", 0, 23, 0, 0, 0, 0, 0, 0, 0, 0, 6, 5, 34
"/home/boba2323/crumpet/fts-full/ftscore/crumpet_celery/tasks.py", "Python", 0, 38, 0, 0, 0, 0, 0, 0, 0, 0, 13, 14, 65
"/home/boba2323/crumpet/fts-full/ftscore/entrypoint.sh", "Shell Script", 0, 0, 10, 0, 0, 0, 0, 0, 0, 0, 1, 5, 16
"/home/boba2323/crumpet/fts-full/ftscore/fts_app/__init__.py", "Python", 0, 0, 0, 0, 0, 0, 0, 0, 0, 0, 0, 1, 1
"/home/boba2323/crumpet/fts-full/ftscore/fts_app/admin.py", "Python", 0, 17, 0, 0, 0, 0, 0, 0, 0, 0, 1, 8, 26
"/home/boba2323/crumpet/fts-full/ftscore/fts_app/apps.py", "Python", 0, 4, 0, 0, 0, 0, 0, 0, 0, 0, 0, 3, 7
"/home/boba2323/crumpet/fts-full/ftscore/fts_app/middleware/jwt_token_retrieve.py", "Python", 0, 15, 0, 0, 0, 0, 0, 0, 0, 0, 8, 5, 28
"/home/boba2323/crumpet/fts-full/ftscore/fts_app/middleware/refresh_token.py", "Python", 0, 36, 0, 0, 0, 0, 0, 0, 0, 0, 13, 12, 61
"/home/boba2323/crumpet/fts-full/ftscore/fts_app/migrations/0001_initial.py", "Python", 0, 43, 0, 0, 0, 0, 0, 0, 0, 0, 1, 7, 51
"/home/boba2323/crumpet/fts-full/ftscore/fts_app/migrations/0002_folder_file_folder.py", "Python", 0, 27, 0, 0, 0, 0, 0, 0, 0, 0, 1, 6, 34
"/home/boba2323/crumpet/fts-full/ftscore/fts_app/migrations/0003_file_owner_username_at_creation_actionlog.py", "Python", 0, 32, 0, 0, 0, 0, 0, 0, 0, 0, 1, 6, 39
"/home/boba2323/crumpet/fts-full/ftscore/fts_app/migrations/0004_alter_file_tags.py", "Python", 0, 12, 0, 0, 0, 0, 0, 0, 0, 0, 1, 6, 19
"/home/boba2323/crumpet/fts-full/ftscore/fts_app/migrations/0005_remove_file_tags.py", "Python", 0, 11, 0, 0, 0, 0, 0, 0, 0, 0, 1, 6, 18
"/home/boba2323/crumpet/fts-full/ftscore/fts_app/migrations/0006_file_tags.py", "Python", 0, 12, 0, 0, 0, 0, 0, 0, 0, 0, 1, 6, 19
"/home/boba2323/crumpet/fts-full/ftscore/fts_app/migrations/0007_alter_modification_method_and_more.py", "Python", 0, 17, 0, 0, 0, 0, 0, 0, 0, 0, 1, 6, 24
"/home/boba2323/crumpet/fts-full/ftscore/fts_app/migrations/0008_file_access_code_folder_access_code.py", "Python", 0, 19, 0, 0, 0, 0, 0, 0, 0, 0, 1, 6, 26
"/home/boba2323/crumpet/fts-full/ftscore/fts_app/migrations/__init__.py", "Python", 0, 0, 0, 0, 0, 0, 0, 0, 0, 0, 0, 1, 1
"/home/boba2323/crumpet/fts-full/ftscore/fts_app/models.py", "Python", 0, 112, 0, 0, 0, 0, 0, 0, 0, 0, 42, 46, 200
"/home/boba2323/crumpet/fts-full/ftscore/fts_app/permissions.py", "Python", 0, 139, 0, 0, 0, 0, 0, 0, 0, 0, 22, 37, 198
"/home/boba2323/crumpet/fts-full/ftscore/fts_app/query_tests.py", "Python", 0, 8, 0, 0, 0, 0, 0, 0, 0, 0, 3, 2, 13
"/home/boba2323/crumpet/fts-full/ftscore/fts_app/serializers.py", "Python", 0, 318, 0, 0, 0, 0, 0, 0, 0, 0, 83, 81, 482
"/home/boba2323/crumpet/fts-full/ftscore/fts_app/service_layer/__init__.py", "Python", 0, 2, 0, 0, 0, 0, 0, 0, 0, 0, 1, 1, 4
"/home/boba2323/crumpet/fts-full/ftscore/fts_app/service_layer/services.py", "Python", 0, 9, 0, 0, 0, 0, 0, 0, 0, 0, 0, 2, 11
"/home/boba2323/crumpet/fts-full/ftscore/fts_app/storage_backends.py", "Python", 0, 17, 0, 0, 0, 0, 0, 0, 0, 0, 0, 7, 24
"/home/boba2323/crumpet/fts-full/ftscore/fts_app/templates/fts_app/index.html", "HTML", 0, 0, 0, 0, 0, 0, 0, 1, 0, 0, 0, 0, 1
"/home/boba2323/crumpet/fts-full/ftscore/fts_app/templates/fts_app/listtag.html", "HTML", 0, 0, 0, 0, 0, 0, 0, 4, 0, 0, 0, 3, 7
"/home/boba2323/crumpet/fts-full/ftscore/fts_app/templates/fts_app/tag.html", "HTML", 0, 0, 0, 0, 0, 0, 0, 1, 0, 0, 0, 0, 1
"/home/boba2323/crumpet/fts-full/ftscore/fts_app/tests.py", "Python", 0, 5, 0, 0, 0, 0, 0, 0, 0, 0, 2, 5, 12
"/home/boba2323/crumpet/fts-full/ftscore/fts_app/urls.py", "Python", 0, 8, 0, 0, 0, 0, 0, 0, 0, 0, 4, 4, 16
"/home/boba2323/crumpet/fts-full/ftscore/fts_app/views.py", "Python", 0, 150, 0, 0, 0, 0, 0, 0, 0, 0, 63, 57, 270
"/home/boba2323/crumpet/fts-full/ftscore/ftssite/__init__.py", "Python", 0, 0, 0, 0, 0, 0, 0, 0, 0, 0, 0, 1, 1
"/home/boba2323/crumpet/fts-full/ftscore/ftssite/asgi.py", "Python", 0, 4, 0, 0, 0, 0, 0, 0, 0, 0, 8, 5, 17
"/home/boba2323/crumpet/fts-full/ftscore/ftssite/settings.py", "Python", 0, 232, 0, 0, 0, 0, 0, 0, 0, 0, 76, 75, 383
"/home/boba2323/crumpet/fts-full/ftscore/ftssite/storage_backends.py", "Python", 0, 17, 0, 0, 0, 0, 0, 0, 0, 0, 0, 7, 24
"/home/boba2323/crumpet/fts-full/ftscore/ftssite/urls.py", "Python", 0, 30, 0, 0, 0, 0, 0, 0, 0, 0, 33, 14, 77
"/home/boba2323/crumpet/fts-full/ftscore/ftssite/wsgi.py", "Python", 0, 4, 0, 0, 0, 0, 0, 0, 0, 0, 8, 5, 17
"/home/boba2323/crumpet/fts-full/ftscore/manage.py", "Python", 0, 15, 0, 0, 0, 0, 0, 0, 0, 0, 3, 5, 23
"/home/boba2323/crumpet/fts-full/ftscore/permissions/__init__.py", "Python", 0, 0, 0, 0, 0, 0, 0, 0, 0, 0, 0, 1, 1
"/home/boba2323/crumpet/fts-full/ftscore/permissions/admin.py", "Python", 0, 1, 0, 0, 0, 0, 0, 0, 0, 0, 1, 2, 4
"/home/boba2323/crumpet/fts-full/ftscore/permissions/apps.py", "Python", 0, 4, 0, 0, 0, 0, 0, 0, 0, 0, 0, 3, 7
"/home/boba2323/crumpet/fts-full/ftscore/permissions/migrations/0001_initial.py", "Python", 0, 50, 0, 0, 0, 0, 0, 0, 0, 0, 1, 7, 58
"/home/boba2323/crumpet/fts-full/ftscore/permissions/migrations/0002_alter_teammembership_unique_together_and_more.py", "Python", 0, 17, 0, 0, 0, 0, 0, 0, 0, 0, 1, 6, 24
"/home/boba2323/crumpet/fts-full/ftscore/permissions/migrations/0003_alter_team_leader_and_more.py", "Python", 0, 20, 0, 0, 0, 0, 0, 0, 0, 0, 1, 6, 27
"/home/boba2323/crumpet/fts-full/ftscore/permissions/migrations/0004_rename_workers_team_membership_users_and_more.py", "Python", 0, 31, 0, 0, 0, 0, 0, 0, 0, 0, 1, 6, 38
"/home/boba2323/crumpet/fts-full/ftscore/permissions/migrations/0005_alter_accesscode_team_accesscode_one_code_per_team.py", "Python", 0, 19, 0, 0, 0, 0, 0, 0, 0, 0, 1, 6, 26
"/home/boba2323/crumpet/fts-full/ftscore/permissions/migrations/0006_alter_teammembership_one_team_per_user_and_more.py", "Python", 0, 19, 0, 0, 0, 0, 0, 0, 0, 0, 1, 6, 26
"/home/boba2323/crumpet/fts-full/ftscore/permissions/migrations/0007_accesscode_masked_id.py", "Python", 0, 12, 0, 0, 0, 0, 0, 0, 0, 0, 1, 6, 19
"/home/boba2323/crumpet/fts-full/ftscore/permissions/migrations/0008_team_working_files.py", "Python", 0, 14, 0, 0, 0, 0, 0, 0, 0, 0, 1, 6, 21
"/home/boba2323/crumpet/fts-full/ftscore/permissions/migrations/0009_alter_accesscode_team.py", "Python", 0, 13, 0, 0, 0, 0, 0, 0, 0, 0, 1, 6, 20
"/home/boba2323/crumpet/fts-full/ftscore/permissions/migrations/__init__.py", "Python", 0, 0, 0, 0, 0, 0, 0, 0, 0, 0, 0, 1, 1
"/home/boba2323/crumpet/fts-full/ftscore/permissions/models.py", "Python", 0, 274, 0, 0, 0, 0, 0, 0, 0, 0, 149, 81, 504
"/home/boba2323/crumpet/fts-full/ftscore/permissions/serializers.py", "Python", 0, 180, 0, 0, 0, 0, 0, 0, 0, 0, 50, 38, 268
"/home/boba2323/crumpet/fts-full/ftscore/permissions/service_layer/__init__.py", "Python", 0, 2, 0, 0, 0, 0, 0, 0, 0, 0, 1, 1, 4
"/home/boba2323/crumpet/fts-full/ftscore/permissions/service_layer/team_service.py", "Python", 0, 46, 0, 0, 0, 0, 0, 0, 0, 0, 9, 6, 61
"/home/boba2323/crumpet/fts-full/ftscore/permissions/special_permissions.py", "Python", 0, 125, 0, 0, 0, 0, 0, 0, 0, 0, 35, 17, 177
"/home/boba2323/crumpet/fts-full/ftscore/permissions/tests.py", "Python", 0, 1, 0, 0, 0, 0, 0, 0, 0, 0, 6, 7, 14
"/home/boba2323/crumpet/fts-full/ftscore/permissions/testview.py", "Python", 0, 9, 0, 0, 0, 0, 0, 0, 0, 0, 0, 3, 12
"/home/boba2323/crumpet/fts-full/ftscore/permissions/urls.py", "Python", 0, 7, 0, 0, 0, 0, 0, 0, 0, 0, 5, 4, 16
"/home/boba2323/crumpet/fts-full/ftscore/permissions/views.py", "Python", 0, 102, 0, 0, 0, 0, 0, 0, 0, 0, 27, 26, 155
"/home/boba2323/crumpet/fts-full/ftscore/requirements.txt", "pip requirements", 55, 0, 0, 0, 0, 0, 0, 0, 0, 0, 0, 1, 56
"/home/boba2323/crumpet/fts-full/ftscore/staticfiles/admin/css/autocomplete.css", "PostCSS", 0, 0, 0, 0, 0, 230, 0, 0, 0, 0, 0, 50, 280
"/home/boba2323/crumpet/fts-full/ftscore/staticfiles/admin/css/base.css", "PostCSS", 0, 0, 0, 0, 0, 935, 0, 0, 0, 0, 32, 217, 1184
"/home/boba2323/crumpet/fts-full/ftscore/staticfiles/admin/css/changelists.css", "PostCSS", 0, 0, 0, 0, 0, 273, 0, 0, 0, 0, 8, 63, 344
"/home/boba2323/crumpet/fts-full/ftscore/staticfiles/admin/css/dark_mode.css", "PostCSS", 0, 0, 0, 0, 0, 96, 0, 0, 0, 0, 6, 29, 131
"/home/boba2323/crumpet/fts-full/ftscore/staticfiles/admin/css/dashboard.css", "PostCSS", 0, 0, 0, 0, 0, 21, 0, 0, 0, 0, 2, 7, 30
"/home/boba2323/crumpet/fts-full/ftscore/staticfiles/admin/css/forms.css", "PostCSS", 0, 0, 0, 0, 0, 387, 0, 0, 0, 0, 12, 100, 499
"/home/boba2323/crumpet/fts-full/ftscore/staticfiles/admin/css/login.css", "PostCSS", 0, 0, 0, 0, 0, 49, 0, 0, 0, 0, 1, 12, 62
"/home/boba2323/crumpet/fts-full/ftscore/staticfiles/admin/css/nav_sidebar.css", "PostCSS", 0, 0, 0, 0, 0, 125, 0, 0, 0, 0, 0, 26, 151
"/home/boba2323/crumpet/fts-full/ftscore/staticfiles/admin/css/responsive.css", "PostCSS", 0, 0, 0, 0, 0, 677, 0, 0, 0, 0, 31, 201, 909
"/home/boba2323/crumpet/fts-full/ftscore/staticfiles/admin/css/responsive_rtl.css", "PostCSS", 0, 0, 0, 0, 0, 70, 0, 0, 0, 0, 2, 18, 90
"/home/boba2323/crumpet/fts-full/ftscore/staticfiles/admin/css/rtl.css", "PostCSS", 0, 0, 0, 0, 0, 223, 0, 0, 0, 0, 8, 63, 294
"/home/boba2323/crumpet/fts-full/ftscore/staticfiles/admin/css/unusable_password_field.css", "PostCSS", 0, 0, 0, 0, 0, 13, 0, 0, 0, 0, 3, 4, 20
"/home/boba2323/crumpet/fts-full/ftscore/staticfiles/admin/css/vendor/select2/LICENSE-SELECT2.md", "Markdown", 0, 0, 0, 0, 0, 0, 17, 0, 0, 0, 0, 5, 22
"/home/boba2323/crumpet/fts-full/ftscore/staticfiles/admin/css/vendor/select2/select2.css", "PostCSS", 0, 0, 0, 0, 0, 425, 0, 0, 0, 0, 0, 57, 482
"/home/boba2323/crumpet/fts-full/ftscore/staticfiles/admin/css/vendor/select2/select2.min.css", "PostCSS", 0, 0, 0, 0, 0, 1, 0, 0, 0, 0, 0, 1, 2
"/home/boba2323/crumpet/fts-full/ftscore/staticfiles/admin/css/widgets.css", "PostCSS", 0, 0, 0, 0, 0, 503, 0, 0, 0, 0, 9, 102, 614
"/home/boba2323/crumpet/fts-full/ftscore/staticfiles/admin/img/calendar-icons.svg", "XML", 0, 0, 0, 0, 63, 0, 0, 0, 0, 0, 0, 1, 64
"/home/boba2323/crumpet/fts-full/ftscore/staticfiles/admin/img/gis/move_vertex_off.svg", "XML", 0, 0, 0, 0, 1, 0, 0, 0, 0, 0, 0, 0, 1
"/home/boba2323/crumpet/fts-full/ftscore/staticfiles/admin/img/gis/move_vertex_on.svg", "XML", 0, 0, 0, 0, 1, 0, 0, 0, 0, 0, 0, 0, 1
"/home/boba2323/crumpet/fts-full/ftscore/staticfiles/admin/img/icon-addlink.svg", "XML", 0, 0, 0, 0, 3, 0, 0, 0, 0, 0, 0, 1, 4
"/home/boba2323/crumpet/fts-full/ftscore/staticfiles/admin/img/icon-alert.svg", "XML", 0, 0, 0, 0, 3, 0, 0, 0, 0, 0, 0, 1, 4
"/home/boba2323/crumpet/fts-full/ftscore/staticfiles/admin/img/icon-calendar.svg", "XML", 0, 0, 0, 0, 9, 0, 0, 0, 0, 0, 0, 1, 10
"/home/boba2323/crumpet/fts-full/ftscore/staticfiles/admin/img/icon-changelink.svg", "XML", 0, 0, 0, 0, 3, 0, 0, 0, 0, 0, 0, 1, 4
"/home/boba2323/crumpet/fts-full/ftscore/staticfiles/admin/img/icon-clock.svg", "XML", 0, 0, 0, 0, 9, 0, 0, 0, 0, 0, 0, 1, 10
"/home/boba2323/crumpet/fts-full/ftscore/staticfiles/admin/img/icon-deletelink.svg", "XML", 0, 0, 0, 0, 3, 0, 0, 0, 0, 0, 0, 1, 4
"/home/boba2323/crumpet/fts-full/ftscore/staticfiles/admin/img/icon-hidelink.svg", "XML", 0, 0, 0, 0, 3, 0, 0, 0, 0, 0, 0, 1, 4
"/home/boba2323/crumpet/fts-full/ftscore/staticfiles/admin/img/icon-no.svg", "XML", 0, 0, 0, 0, 3, 0, 0, 0, 0, 0, 0, 1, 4
"/home/boba2323/crumpet/fts-full/ftscore/staticfiles/admin/img/icon-unknown-alt.svg", "XML", 0, 0, 0, 0, 3, 0, 0, 0, 0, 0, 0, 1, 4
"/home/boba2323/crumpet/fts-full/ftscore/staticfiles/admin/img/icon-unknown.svg", "XML", 0, 0, 0, 0, 3, 0, 0, 0, 0, 0, 0, 1, 4
"/home/boba2323/crumpet/fts-full/ftscore/staticfiles/admin/img/icon-viewlink.svg", "XML", 0, 0, 0, 0, 3, 0, 0, 0, 0, 0, 0, 1, 4
"/home/boba2323/crumpet/fts-full/ftscore/staticfiles/admin/img/icon-yes.svg", "XML", 0, 0, 0, 0, 3, 0, 0, 0, 0, 0, 0, 1, 4
"/home/boba2323/crumpet/fts-full/ftscore/staticfiles/admin/img/inline-delete.svg", "XML", 0, 0, 0, 0, 3, 0, 0, 0, 0, 0, 0, 1, 4
"/home/boba2323/crumpet/fts-full/ftscore/staticfiles/admin/img/search.svg", "XML", 0, 0, 0, 0, 3, 0, 0, 0, 0, 0, 0, 1, 4
"/home/boba2323/crumpet/fts-full/ftscore/staticfiles/admin/img/selector-icons.svg", "XML", 0, 0, 0, 0, 34, 0, 0, 0, 0, 0, 0, 1, 35
"/home/boba2323/crumpet/fts-full/ftscore/staticfiles/admin/img/sorting-icons.svg", "XML", 0, 0, 0, 0, 19, 0, 0, 0, 0, 0, 0, 1, 20
"/home/boba2323/crumpet/fts-full/ftscore/staticfiles/admin/img/tooltag-add.svg", "XML", 0, 0, 0, 0, 3, 0, 0, 0, 0, 0, 0, 1, 4
"/home/boba2323/crumpet/fts-full/ftscore/staticfiles/admin/img/tooltag-arrowright.svg", "XML", 0, 0, 0, 0, 3, 0, 0, 0, 0, 0, 0, 1, 4
"/home/boba2323/crumpet/fts-full/ftscore/staticfiles/admin/js/SelectBox.js", "JavaScript", 0, 0, 0, 111, 0, 0, 0, 0, 0, 0, 5, 1, 117
"/home/boba2323/crumpet/fts-full/ftscore/staticfiles/admin/js/SelectFilter2.js", "JavaScript", 0, 0, 0, 258, 0, 0, 0, 0, 0, 0, 28, 22, 308
"/home/boba2323/crumpet/fts-full/ftscore/staticfiles/admin/js/actions.js", "JavaScript", 0, 0, 0, 175, 0, 0, 0, 0, 0, 0, 9, 21, 205
"/home/boba2323/crumpet/fts-full/ftscore/staticfiles/admin/js/admin/DateTimeShortcuts.js", "JavaScript", 0, 0, 0, 317, 0, 0, 0, 0, 0, 0, 65, 27, 409
"/home/boba2323/crumpet/fts-full/ftscore/staticfiles/admin/js/admin/RelatedObjectLookups.js", "JavaScript", 0, 0, 0, 216, 0, 0, 0, 0, 0, 0, 14, 23, 253
"/home/boba2323/crumpet/fts-full/ftscore/staticfiles/admin/js/autocomplete.js", "JavaScript", 0, 0, 0, 28, 0, 0, 0, 0, 0, 0, 2, 4, 34
"/home/boba2323/crumpet/fts-full/ftscore/staticfiles/admin/js/calendar.js", "JavaScript", 0, 0, 0, 196, 0, 0, 0, 0, 0, 0, 28, 16, 240
"/home/boba2323/crumpet/fts-full/ftscore/staticfiles/admin/js/cancel.js", "JavaScript", 0, 0, 0, 24, 0, 0, 0, 0, 0, 0, 3, 3, 30
"/home/boba2323/crumpet/fts-full/ftscore/staticfiles/admin/js/change_form.js", "JavaScript", 0, 0, 0, 14, 0, 0, 0, 0, 0, 0, 2, 1, 17
"/home/boba2323/crumpet/fts-full/ftscore/staticfiles/admin/js/core.js", "JavaScript", 0, 0, 0, 148, 0, 0, 0, 0, 0, 0, 19, 18, 185
"/home/boba2323/crumpet/fts-full/ftscore/staticfiles/admin/js/filters.js", "JavaScript", 0, 0, 0, 20, 0, 0, 0, 0, 0, 0, 6, 5, 31
"/home/boba2323/crumpet/fts-full/ftscore/staticfiles/admin/js/inlines.js", "JavaScript", 0, 0, 0, 272, 0, 0, 0, 0, 0, 0, 61, 27, 360
"/home/boba2323/crumpet/fts-full/ftscore/staticfiles/admin/js/jquery.init.js", "JavaScript", 0, 0, 0, 2, 0, 0, 0, 0, 0, 0, 6, 1, 9
"/home/boba2323/crumpet/fts-full/ftscore/staticfiles/admin/js/nav_sidebar.js", "JavaScript", 0, 0, 0, 73, 0, 0, 0, 0, 0, 0, 1, 6, 80
"/home/boba2323/crumpet/fts-full/ftscore/staticfiles/admin/js/popup_response.js", "JavaScript", 0, 0, 0, 15, 0, 0, 0, 0, 0, 0, 0, 1, 16
"/home/boba2323/crumpet/fts-full/ftscore/staticfiles/admin/js/prepopulate.js", "JavaScript", 0, 0, 0, 29, 0, 0, 0, 0, 0, 0, 10, 5, 44
"/home/boba2323/crumpet/fts-full/ftscore/staticfiles/admin/js/prepopulate_init.js", "JavaScript", 0, 0, 0, 15, 0, 0, 0, 0, 0, 0, 0, 1, 16
"/home/boba2323/crumpet/fts-full/ftscore/staticfiles/admin/js/theme.js", "JavaScript", 0, 0, 0, 43, 0, 0, 0, 0, 0, 0, 3, 6, 52
"/home/boba2323/crumpet/fts-full/ftscore/staticfiles/admin/js/unusable_password_field.js", "JavaScript", 0, 0, 0, 24, 0, 0, 0, 0, 0, 0, 5, 1, 30
"/home/boba2323/crumpet/fts-full/ftscore/staticfiles/admin/js/urlify.js", "JavaScript", 0, 0, 0, 159, 0, 0, 0, 0, 0, 0, 5, 6, 170
"/home/boba2323/crumpet/fts-full/ftscore/staticfiles/admin/js/vendor/jquery/jquery.js", "JavaScript", 0, 0, 0, 6767, 0, 0, 0, 0, 0, 0, 1887, 2063, 10717
"/home/boba2323/crumpet/fts-full/ftscore/staticfiles/admin/js/vendor/jquery/jquery.min.js", "JavaScript", 0, 0, 0, 1, 0, 0, 0, 0, 0, 0, 1, 1, 3
"/home/boba2323/crumpet/fts-full/ftscore/staticfiles/admin/js/vendor/select2/LICENSE.md", "Markdown", 0, 0, 0, 0, 0, 0, 17, 0, 0, 0, 0, 5, 22
"/home/boba2323/crumpet/fts-full/ftscore/staticfiles/admin/js/vendor/select2/i18n/af.js", "JavaScript", 0, 0, 0, 1, 0, 0, 0, 0, 0, 0, 1, 1, 3
"/home/boba2323/crumpet/fts-full/ftscore/staticfiles/admin/js/vendor/select2/i18n/ar.js", "JavaScript", 0, 0, 0, 1, 0, 0, 0, 0, 0, 0, 1, 1, 3
"/home/boba2323/crumpet/fts-full/ftscore/staticfiles/admin/js/vendor/select2/i18n/az.js", "JavaScript", 0, 0, 0, 1, 0, 0, 0, 0, 0, 0, 1, 1, 3
"/home/boba2323/crumpet/fts-full/ftscore/staticfiles/admin/js/vendor/select2/i18n/bg.js", "JavaScript", 0, 0, 0, 1, 0, 0, 0, 0, 0, 0, 1, 1, 3
"/home/boba2323/crumpet/fts-full/ftscore/staticfiles/admin/js/vendor/select2/i18n/bn.js", "JavaScript", 0, 0, 0, 1, 0, 0, 0, 0, 0, 0, 1, 1, 3
"/home/boba2323/crumpet/fts-full/ftscore/staticfiles/admin/js/vendor/select2/i18n/bs.js", "JavaScript", 0, 0, 0, 1, 0, 0, 0, 0, 0, 0, 1, 1, 3
"/home/boba2323/crumpet/fts-full/ftscore/staticfiles/admin/js/vendor/select2/i18n/ca.js", "JavaScript", 0, 0, 0, 1, 0, 0, 0, 0, 0, 0, 1, 1, 3
"/home/boba2323/crumpet/fts-full/ftscore/staticfiles/admin/js/vendor/select2/i18n/cs.js", "JavaScript", 0, 0, 0, 1, 0, 0, 0, 0, 0, 0, 1, 1, 3
"/home/boba2323/crumpet/fts-full/ftscore/staticfiles/admin/js/vendor/select2/i18n/da.js", "JavaScript", 0, 0, 0, 1, 0, 0, 0, 0, 0, 0, 1, 1, 3
"/home/boba2323/crumpet/fts-full/ftscore/staticfiles/admin/js/vendor/select2/i18n/de.js", "JavaScript", 0, 0, 0, 1, 0, 0, 0, 0, 0, 0, 1, 1, 3
"/home/boba2323/crumpet/fts-full/ftscore/staticfiles/admin/js/vendor/select2/i18n/dsb.js", "JavaScript", 0, 0, 0, 1, 0, 0, 0, 0, 0, 0, 1, 1, 3
"/home/boba2323/crumpet/fts-full/ftscore/staticfiles/admin/js/vendor/select2/i18n/el.js", "JavaScript", 0, 0, 0, 1, 0, 0, 0, 0, 0, 0, 1, 1, 3
"/home/boba2323/crumpet/fts-full/ftscore/staticfiles/admin/js/vendor/select2/i18n/en.js", "JavaScript", 0, 0, 0, 1, 0, 0, 0, 0, 0, 0, 1, 1, 3
"/home/boba2323/crumpet/fts-full/ftscore/staticfiles/admin/js/vendor/select2/i18n/es.js", "JavaScript", 0, 0, 0, 1, 0, 0, 0, 0, 0, 0, 1, 1, 3
"/home/boba2323/crumpet/fts-full/ftscore/staticfiles/admin/js/vendor/select2/i18n/et.js", "JavaScript", 0, 0, 0, 1, 0, 0, 0, 0, 0, 0, 1, 1, 3
"/home/boba2323/crumpet/fts-full/ftscore/staticfiles/admin/js/vendor/select2/i18n/eu.js", "JavaScript", 0, 0, 0, 1, 0, 0, 0, 0, 0, 0, 1, 1, 3
"/home/boba2323/crumpet/fts-full/ftscore/staticfiles/admin/js/vendor/select2/i18n/fa.js", "JavaScript", 0, 0, 0, 1, 0, 0, 0, 0, 0, 0, 1, 1, 3
"/home/boba2323/crumpet/fts-full/ftscore/staticfiles/admin/js/vendor/select2/i18n/fi.js", "JavaScript", 0, 0, 0, 1, 0, 0, 0, 0, 0, 0, 1, 1, 3
"/home/boba2323/crumpet/fts-full/ftscore/staticfiles/admin/js/vendor/select2/i18n/fr.js", "JavaScript", 0, 0, 0, 1, 0, 0, 0, 0, 0, 0, 1, 1, 3
"/home/boba2323/crumpet/fts-full/ftscore/staticfiles/admin/js/vendor/select2/i18n/gl.js", "JavaScript", 0, 0, 0, 1, 0, 0, 0, 0, 0, 0, 1, 1, 3
"/home/boba2323/crumpet/fts-full/ftscore/staticfiles/admin/js/vendor/select2/i18n/he.js", "JavaScript", 0, 0, 0, 1, 0, 0, 0, 0, 0, 0, 1, 1, 3
"/home/boba2323/crumpet/fts-full/ftscore/staticfiles/admin/js/vendor/select2/i18n/hi.js", "JavaScript", 0, 0, 0, 1, 0, 0, 0, 0, 0, 0, 1, 1, 3
"/home/boba2323/crumpet/fts-full/ftscore/staticfiles/admin/js/vendor/select2/i18n/hr.js", "JavaScript", 0, 0, 0, 1, 0, 0, 0, 0, 0, 0, 1, 1, 3
"/home/boba2323/crumpet/fts-full/ftscore/staticfiles/admin/js/vendor/select2/i18n/hsb.js", "JavaScript", 0, 0, 0, 1, 0, 0, 0, 0, 0, 0, 1, 1, 3
"/home/boba2323/crumpet/fts-full/ftscore/staticfiles/admin/js/vendor/select2/i18n/hu.js", "JavaScript", 0, 0, 0, 1, 0, 0, 0, 0, 0, 0, 1, 1, 3
"/home/boba2323/crumpet/fts-full/ftscore/staticfiles/admin/js/vendor/select2/i18n/hy.js", "JavaScript", 0, 0, 0, 1, 0, 0, 0, 0, 0, 0, 1, 1, 3
"/home/boba2323/crumpet/fts-full/ftscore/staticfiles/admin/js/vendor/select2/i18n/id.js", "JavaScript", 0, 0, 0, 1, 0, 0, 0, 0, 0, 0, 1, 1, 3
"/home/boba2323/crumpet/fts-full/ftscore/staticfiles/admin/js/vendor/select2/i18n/is.js", "JavaScript", 0, 0, 0, 1, 0, 0, 0, 0, 0, 0, 1, 1, 3
"/home/boba2323/crumpet/fts-full/ftscore/staticfiles/admin/js/vendor/select2/i18n/it.js", "JavaScript", 0, 0, 0, 1, 0, 0, 0, 0, 0, 0, 1, 1, 3
"/home/boba2323/crumpet/fts-full/ftscore/staticfiles/admin/js/vendor/select2/i18n/ja.js", "JavaScript", 0, 0, 0, 1, 0, 0, 0, 0, 0, 0, 1, 1, 3
"/home/boba2323/crumpet/fts-full/ftscore/staticfiles/admin/js/vendor/select2/i18n/ka.js", "JavaScript", 0, 0, 0, 1, 0, 0, 0, 0, 0, 0, 1, 1, 3
"/home/boba2323/crumpet/fts-full/ftscore/staticfiles/admin/js/vendor/select2/i18n/km.js", "JavaScript", 0, 0, 0, 1, 0, 0, 0, 0, 0, 0, 1, 1, 3
"/home/boba2323/crumpet/fts-full/ftscore/staticfiles/admin/js/vendor/select2/i18n/ko.js", "JavaScript", 0, 0, 0, 1, 0, 0, 0, 0, 0, 0, 1, 1, 3
"/home/boba2323/crumpet/fts-full/ftscore/staticfiles/admin/js/vendor/select2/i18n/lt.js", "JavaScript", 0, 0, 0, 1, 0, 0, 0, 0, 0, 0, 1, 1, 3
"/home/boba2323/crumpet/fts-full/ftscore/staticfiles/admin/js/vendor/select2/i18n/lv.js", "JavaScript", 0, 0, 0, 1, 0, 0, 0, 0, 0, 0, 1, 1, 3
"/home/boba2323/crumpet/fts-full/ftscore/staticfiles/admin/js/vendor/select2/i18n/mk.js", "JavaScript", 0, 0, 0, 1, 0, 0, 0, 0, 0, 0, 1, 1, 3
"/home/boba2323/crumpet/fts-full/ftscore/staticfiles/admin/js/vendor/select2/i18n/ms.js", "JavaScript", 0, 0, 0, 1, 0, 0, 0, 0, 0, 0, 1, 1, 3
"/home/boba2323/crumpet/fts-full/ftscore/staticfiles/admin/js/vendor/select2/i18n/nb.js", "JavaScript", 0, 0, 0, 1, 0, 0, 0, 0, 0, 0, 1, 1, 3
"/home/boba2323/crumpet/fts-full/ftscore/staticfiles/admin/js/vendor/select2/i18n/ne.js", "JavaScript", 0, 0, 0, 1, 0, 0, 0, 0, 0, 0, 1, 1, 3
"/home/boba2323/crumpet/fts-full/ftscore/staticfiles/admin/js/vendor/select2/i18n/nl.js", "JavaScript", 0, 0, 0, 1, 0, 0, 0, 0, 0, 0, 1, 1, 3
"/home/boba2323/crumpet/fts-full/ftscore/staticfiles/admin/js/vendor/select2/i18n/pl.js", "JavaScript", 0, 0, 0, 1, 0, 0, 0, 0, 0, 0, 1, 1, 3
"/home/boba2323/crumpet/fts-full/ftscore/staticfiles/admin/js/vendor/select2/i18n/ps.js", "JavaScript", 0, 0, 0, 1, 0, 0, 0, 0, 0, 0, 1, 1, 3
"/home/boba2323/crumpet/fts-full/ftscore/staticfiles/admin/js/vendor/select2/i18n/pt-BR.js", "JavaScript", 0, 0, 0, 1, 0, 0, 0, 0, 0, 0, 1, 1, 3
"/home/boba2323/crumpet/fts-full/ftscore/staticfiles/admin/js/vendor/select2/i18n/pt.js", "JavaScript", 0, 0, 0, 1, 0, 0, 0, 0, 0, 0, 1, 1, 3
"/home/boba2323/crumpet/fts-full/ftscore/staticfiles/admin/js/vendor/select2/i18n/ro.js", "JavaScript", 0, 0, 0, 1, 0, 0, 0, 0, 0, 0, 1, 1, 3
"/home/boba2323/crumpet/fts-full/ftscore/staticfiles/admin/js/vendor/select2/i18n/ru.js", "JavaScript", 0, 0, 0, 1, 0, 0, 0, 0, 0, 0, 1, 1, 3
"/home/boba2323/crumpet/fts-full/ftscore/staticfiles/admin/js/vendor/select2/i18n/sk.js", "JavaScript", 0, 0, 0, 1, 0, 0, 0, 0, 0, 0, 1, 1, 3
"/home/boba2323/crumpet/fts-full/ftscore/staticfiles/admin/js/vendor/select2/i18n/sl.js", "JavaScript", 0, 0, 0, 1, 0, 0, 0, 0, 0, 0, 1, 1, 3
"/home/boba2323/crumpet/fts-full/ftscore/staticfiles/admin/js/vendor/select2/i18n/sq.js", "JavaScript", 0, 0, 0, 1, 0, 0, 0, 0, 0, 0, 1, 1, 3
"/home/boba2323/crumpet/fts-full/ftscore/staticfiles/admin/js/vendor/select2/i18n/sr-Cyrl.js", "JavaScript", 0, 0, 0, 1, 0, 0, 0, 0, 0, 0, 1, 1, 3
"/home/boba2323/crumpet/fts-full/ftscore/staticfiles/admin/js/vendor/select2/i18n/sr.js", "JavaScript", 0, 0, 0, 1, 0, 0, 0, 0, 0, 0, 1, 1, 3
"/home/boba2323/crumpet/fts-full/ftscore/staticfiles/admin/js/vendor/select2/i18n/sv.js", "JavaScript", 0, 0, 0, 1, 0, 0, 0, 0, 0, 0, 1, 1, 3
"/home/boba2323/crumpet/fts-full/ftscore/staticfiles/admin/js/vendor/select2/i18n/th.js", "JavaScript", 0, 0, 0, 1, 0, 0, 0, 0, 0, 0, 1, 1, 3
"/home/boba2323/crumpet/fts-full/ftscore/staticfiles/admin/js/vendor/select2/i18n/tk.js", "JavaScript", 0, 0, 0, 1, 0, 0, 0, 0, 0, 0, 1, 1, 3
"/home/boba2323/crumpet/fts-full/ftscore/staticfiles/admin/js/vendor/select2/i18n/tr.js", "JavaScript", 0, 0, 0, 1, 0, 0, 0, 0, 0, 0, 1, 1, 3
"/home/boba2323/crumpet/fts-full/ftscore/staticfiles/admin/js/vendor/select2/i18n/uk.js", "JavaScript", 0, 0, 0, 1, 0, 0, 0, 0, 0, 0, 1, 1, 3
"/home/boba2323/crumpet/fts-full/ftscore/staticfiles/admin/js/vendor/select2/i18n/vi.js", "JavaScript", 0, 0, 0, 1, 0, 0, 0, 0, 0, 0, 1, 1, 3
"/home/boba2323/crumpet/fts-full/ftscore/staticfiles/admin/js/vendor/select2/i18n/zh-CN.js", "JavaScript", 0, 0, 0, 1, 0, 0, 0, 0, 0, 0, 1, 1, 3
"/home/boba2323/crumpet/fts-full/ftscore/staticfiles/admin/js/vendor/select2/i18n/zh-TW.js", "JavaScript", 0, 0, 0, 1, 0, 0, 0, 0, 0, 0, 1, 1, 3
"/home/boba2323/crumpet/fts-full/ftscore/staticfiles/admin/js/vendor/select2/select2.full.js", "JavaScript", 0, 0, 0, 5102, 0, 0, 0, 0, 0, 0, 384, 1335, 6821
"/home/boba2323/crumpet/fts-full/ftscore/staticfiles/admin/js/vendor/select2/select2.full.min.js", "JavaScript", 0, 0, 0, 1, 0, 0, 0, 0, 0, 0, 1, 0, 2
"/home/boba2323/crumpet/fts-full/ftscore/staticfiles/admin/js/vendor/xregexp/xregexp.js", "JavaScript", 0, 0, 0, 3817, 0, 0, 0, 0, 0, 0, 1303, 1007, 6127
"/home/boba2323/crumpet/fts-full/ftscore/staticfiles/admin/js/vendor/xregexp/xregexp.min.js", "JavaScript", 0, 0, 0, 4, 0, 0, 0, 0, 0, 0, 13, 1, 18
"/home/boba2323/crumpet/fts-full/ftscore/staticfiles/debug_toolbar/css/print.css", "PostCSS", 0, 0, 0, 0, 0, 3, 0, 0, 0, 0, 0, 1, 4
"/home/boba2323/crumpet/fts-full/ftscore/staticfiles/debug_toolbar/css/toolbar.css", "PostCSS", 0, 0, 0, 0, 0, 870, 0, 0, 0, 0, 16, 71, 957
"/home/boba2323/crumpet/fts-full/ftscore/staticfiles/debug_toolbar/js/history.js", "JavaScript", 0, 0, 0, 89, 0, 0, 0, 0, 0, 0, 6, 11, 106
"/home/boba2323/crumpet/fts-full/ftscore/staticfiles/debug_toolbar/js/redirect.js", "JavaScript", 0, 0, 0, 1, 0, 0, 0, 0, 0, 0, 0, 1, 2
"/home/boba2323/crumpet/fts-full/ftscore/staticfiles/debug_toolbar/js/timer.js", "JavaScript", 0, 0, 0, 72, 0, 0, 0, 0, 0, 0, 7, 4, 83
"/home/boba2323/crumpet/fts-full/ftscore/staticfiles/debug_toolbar/js/toolbar.js", "JavaScript", 0, 0, 0, 345, 0, 0, 0, 0, 0, 0, 24, 30, 399
"/home/boba2323/crumpet/fts-full/ftscore/staticfiles/debug_toolbar/js/utils.js", "JavaScript", 0, 0, 0, 123, 0, 0, 0, 0, 0, 0, 14, 8, 145
"/home/boba2323/crumpet/fts-full/ftscore/staticfiles/guardian/img/icon-no.svg", "XML", 0, 0, 0, 0, 3, 0, 0, 0, 0, 0, 0, 1, 4
"/home/boba2323/crumpet/fts-full/ftscore/staticfiles/guardian/img/icon-yes.svg", "XML", 0, 0, 0, 0, 3, 0, 0, 0, 0, 0, 0, 1, 4
"/home/boba2323/crumpet/fts-full/ftscore/staticfiles/rest_framework/css/bootstrap-theme.min.css", "PostCSS", 0, 0, 0, 0, 0, 1, 0, 0, 0, 0, 5, 0, 6
"/home/boba2323/crumpet/fts-full/ftscore/staticfiles/rest_framework/css/bootstrap-tweaks.css", "PostCSS", 0, 0, 0, 0, 0, 177, 0, 0, 0, 0, 15, 46, 238
"/home/boba2323/crumpet/fts-full/ftscore/staticfiles/rest_framework/css/bootstrap.min.css", "PostCSS", 0, 0, 0, 0, 0, 1, 0, 0, 0, 0, 5, 0, 6
"/home/boba2323/crumpet/fts-full/ftscore/staticfiles/rest_framework/css/default.css", "PostCSS", 0, 0, 0, 0, 0, 62, 0, 0, 0, 0, 3, 18, 83
"/home/boba2323/crumpet/fts-full/ftscore/staticfiles/rest_framework/css/font-awesome-4.0.3.css", "PostCSS", 0, 0, 0, 0, 0, 1329, 0, 0, 0, 0, 9, 1, 1339
"/home/boba2323/crumpet/fts-full/ftscore/staticfiles/rest_framework/css/prettify.css", "PostCSS", 0, 0, 0, 0, 0, 27, 0, 0, 0, 0, 1, 2, 30
"/home/boba2323/crumpet/fts-full/ftscore/staticfiles/rest_framework/docs/css/base.css", "PostCSS", 0, 0, 0, 0, 0, 291, 0, 0, 0, 0, 4, 65, 360
"/home/boba2323/crumpet/fts-full/ftscore/staticfiles/rest_framework/docs/css/highlight.css", "PostCSS", 0, 0, 0, 0, 0, 101, 0, 0, 0, 0, 6, 19, 126
"/home/boba2323/crumpet/fts-full/ftscore/staticfiles/rest_framework/docs/css/jquery.json-view.min.css", "PostCSS", 0, 0, 0, 0, 0, 11, 0, 0, 0, 0, 0, 0, 11
"/home/boba2323/crumpet/fts-full/ftscore/staticfiles/rest_framework/docs/js/api.js", "JavaScript", 0, 0, 0, 259, 0, 0, 0, 0, 0, 0, 20, 37, 316
"/home/boba2323/crumpet/fts-full/ftscore/staticfiles/rest_framework/docs/js/highlight.pack.js", "JavaScript", 0, 0, 0, 2, 0, 0, 0, 0, 0, 0, 0, 0, 2
"/home/boba2323/crumpet/fts-full/ftscore/staticfiles/rest_framework/docs/js/jquery.json-view.min.js", "JavaScript", 0, 0, 0, 1, 0, 0, 0, 0, 0, 0, 6, 0, 7
"/home/boba2323/crumpet/fts-full/ftscore/staticfiles/rest_framework/fonts/fontawesome-webfont.svg", "XML", 0, 0, 0, 0, 414, 0, 0, 0, 0, 0, 0, 1, 415
"/home/boba2323/crumpet/fts-full/ftscore/staticfiles/rest_framework/fonts/glyphicons-halflings-regular.svg", "XML", 0, 0, 0, 0, 288, 0, 0, 0, 0, 0, 0, 1, 289
"/home/boba2323/crumpet/fts-full/ftscore/staticfiles/rest_framework/js/ajax-form.js", "JavaScript", 0, 0, 0, 95, 0, 0, 0, 0, 0, 0, 16, 23, 134
"/home/boba2323/crumpet/fts-full/ftscore/staticfiles/rest_framework/js/bootstrap.min.js", "JavaScript", 0, 0, 0, 1, 0, 0, 0, 0, 0, 0, 5, 0, 6
"/home/boba2323/crumpet/fts-full/ftscore/staticfiles/rest_framework/js/coreapi-0.1.1.js", "JavaScript", 0, 0, 0, 1537, 0, 0, 0, 0, 0, 0, 219, 287, 2043
"/home/boba2323/crumpet/fts-full/ftscore/staticfiles/rest_framework/js/csrf.js", "JavaScript", 0, 0, 0, 35, 0, 0, 0, 0, 0, 0, 9, 10, 54
"/home/boba2323/crumpet/fts-full/ftscore/staticfiles/rest_framework/js/default.js", "JavaScript", 0, 0, 0, 32, 0, 0, 0, 0, 0, 0, 6, 10, 48
"/home/boba2323/crumpet/fts-full/ftscore/staticfiles/rest_framework/js/jquery-3.7.1.min.js", "JavaScript", 0, 0, 0, 1, 0, 0, 0, 0, 0, 0, 1, 1, 3
"/home/boba2323/crumpet/fts-full/ftscore/staticfiles/rest_framework/js/load-ajax-form.js", "JavaScript", 0, 0, 0, 3, 0, 0, 0, 0, 0, 0, 0, 1, 4
"/home/boba2323/crumpet/fts-full/ftscore/staticfiles/rest_framework/js/prettify-min.js", "JavaScript", 0, 0, 0, 28, 0, 0, 0, 0, 0, 0, 0, 1, 29
"/home/boba2323/crumpet/fts-full/ftscore/utils/__init__.py", "Python", 0, 0, 0, 0, 0, 0, 0, 0, 0, 0, 1, 1, 2
"/home/boba2323/crumpet/fts-full/ftscore/utils/paginationutils.py", "Python", 0, 9, 0, 0, 0, 0, 0, 0, 0, 0, 0, 2, 11
"/home/boba2323/crumpet/fts-full/ftscore/worker-entrypoint.sh", "Shell Script", 0, 0, 5, 0, 0, 0, 0, 0, 0, 0, 4, 1, 10
"Total", "-", 55, 3054, 15, 20514, 886, 6901, 34, 7, 4, 39, 5324, 7220, 44053